{"tarih": "2026-04-09", "fiyatlar": {"TMG": {"guncel": 1.175613, "onceki": 3.290315190058315e-08, "destek": 0.0, "direnc": 0.0, "hedef_pot": 0.0, "stop_marji": 0.0, "sinyal": "\u2796 Fon"}, "IDH": {"guncel": 12.187611, "onceki": 1.426953802476736e-05, "destek": 0.0, "direnc": 0.0, "hedef_pot": 0.0, "stop_marji": 0.0, "sinyal": "\u2796 Fon"}, "YAY": {"guncel": 1349.403962, "onceki": 0.019991282350922866, "destek": 0.0, "direnc": 0.0, "hedef_pot": 0.0, "stop_marji": 0.0, "sinyal": "\u2796 Fon"}, "AFT": {"guncel": 0.828268, "onceki": 2.9244725765966144e-09, "destek": 0.0, "direnc": 0.0, "hedef_pot": 0.0, "stop_marji": 0.0, "sinyal": "\u2796 Fon"}, "TTE": {"guncel": 1.337338, "onceki": 7.00136188298931e-08, "destek": 0.0, "direnc": 0.0, "hedef_pot": 0.0, "stop_marji": 0.0, "sinyal": "\u2796 Fon"}}}