{"PD/DD": {"": 0.851165, "Altyapı": 0.943668985, "Döngüsel Tüketim": 1.83804125, "Enerji": 1.3118756, "Finans": 1.8133334, "Gayrimenkul": 0.71539915, "Gıda ve Tüketim": 1.7450143, "Sanayi": 2.0763556999999997, "Sağlık": 1.4442213, "Teknoloji": 3.7814107, "Temel Malzeme": 1.693729, "İletişim": 1.7555296}, "F/K": {"Altyapı": 19.579344, "Döngüsel Tüketim": 29.068782, "Enerji": 11.388092499999999, "Finans": 10.0, "Gayrimenkul": 10.885638499999999, "Gıda ve Tüketim": 21.454544, "Sanayi": 24.295454, "Sağlık": 52.17742, "Teknoloji": 32.86842, "Temel Malzeme": 42.122303, "İletişim": 9.358258}}